Unit Name,Country,Status,Type,Latest Reference Unit Power(net),Construction Date,Grid Date,Commercial Date
MONJU,JAPAN,Long-term Shutdown,FBR  ,246,1986-05-10,1995-08-29,
SANTA MARIA DE GARONA,SPAIN,Long-term Shutdown,BWR  ,446,1966-09-01,1971-03-02,1971-05-11
ATUCHA-1,ARGENTINA,Operational,PHWR ,335,1968-06-01,1974-03-19,1974-06-24
ATUCHA-2,ARGENTINA,Operational,PHWR ,692,1981-07-14,2014-06-27,
EMBALSE,ARGENTINA,Operational,PHWR ,600,1974-04-01,1983-04-25,1984-01-20
ARMENIAN-2,ARMENIA,Operational,PWR  ,375,1975-07-01,1980-01-05,1980-05-03
DOEL-1,BELGIUM,Operational,PWR  ,433,1969-07-01,1974-08-28,1975-02-15
DOEL-2,BELGIUM,Operational,PWR  ,433,1971-09-01,1975-08-21,1975-12-01
DOEL-3,BELGIUM,Operational,PWR  ,1006,1975-01-01,1982-06-23,1982-10-01
DOEL-4,BELGIUM,Operational,PWR  ,1033,1978-12-01,1985-04-08,1985-07-01
TIHANGE-1,BELGIUM,Operational,PWR  ,962,1970-06-01,1975-03-07,1975-10-01
TIHANGE-2,BELGIUM,Operational,PWR  ,1008,1976-04-01,1982-10-13,1983-06-01
TIHANGE-3,BELGIUM,Operational,PWR  ,1038,1978-11-01,1985-06-15,1985-09-01
ANGRA-1,BRAZIL,Operational,PWR  ,609,1971-05-01,1982-04-01,1985-01-01
ANGRA-2,BRAZIL,Operational,PWR  ,1275,1976-01-01,2000-07-21,2001-02-01
KOZLODUY-5,BULGARIA,Operational,PWR  ,963,1980-07-09,1987-11-29,1988-12-23
KOZLODUY-6,BULGARIA,Operational,PWR  ,963,1982-04-01,1991-08-02,1993-12-30
BRUCE-1,CANADA,Operational,PHWR ,760,1971-06-01,1977-01-14,1977-09-01
BRUCE-2,CANADA,Operational,PHWR ,730,1970-12-01,1976-09-04,1977-09-01
BRUCE-3,CANADA,Operational,PHWR ,750,1972-07-01,1977-12-12,1978-02-01
BRUCE-4,CANADA,Operational,PHWR ,750,1972-09-01,1978-12-21,1979-01-18
BRUCE-5,CANADA,Operational,PHWR ,817,1978-06-01,1984-12-02,1985-03-01
BRUCE-6,CANADA,Operational,PHWR ,817,1978-01-01,1984-06-26,1984-09-14
BRUCE-7,CANADA,Operational,PHWR ,817,1979-05-01,1986-02-22,1986-04-10
BRUCE-8,CANADA,Operational,PHWR ,817,1979-08-01,1987-03-09,1987-05-22
DARLINGTON-1,CANADA,Operational,PHWR ,878,1982-04-01,1990-12-19,1992-11-14
DARLINGTON-2,CANADA,Operational,PHWR ,878,1981-09-01,1990-01-15,1990-10-09
DARLINGTON-3,CANADA,Operational,PHWR ,878,1984-09-01,1992-12-07,1993-02-14
DARLINGTON-4,CANADA,Operational,PHWR ,878,1985-07-01,1993-04-17,1993-06-14
PICKERING-1,CANADA,Operational,PHWR ,515,1966-06-01,1971-04-04,1971-07-29
PICKERING-4,CANADA,Operational,PHWR ,515,1968-05-01,1973-05-21,1973-06-17
PICKERING-5,CANADA,Operational,PHWR ,516,1974-11-01,1982-12-19,1983-05-10
PICKERING-6,CANADA,Operational,PHWR ,516,1975-10-01,1983-11-08,1984-02-01
PICKERING-7,CANADA,Operational,PHWR ,516,1976-03-01,1984-11-17,1985-01-01
PICKERING-8,CANADA,Operational,PHWR ,516,1976-09-01,1986-01-21,1986-02-28
POINT LEPREAU,CANADA,Operational,PHWR ,660,1975-05-01,1982-09-11,1983-02-01
CEFR,CHINA,Operational,FBR  ,20,2000-05-10,2011-07-21,
CHANGJIANG-1,CHINA,Operational,PWR  ,610,2010-04-25,2015-11-07,
DAYA BAY-1,CHINA,Operational,PWR  ,944,1987-08-07,1993-08-31,1994-02-01
DAYA BAY-2,CHINA,Operational,PWR  ,944,1988-04-07,1994-02-07,1994-05-06
FANGCHENGGANG-1,CHINA,Operational,PWR  ,1000,2010-07-30,2015-10-25,
FANGJIASHAN-1,CHINA,Operational,PWR  ,1000,2008-12-26,2014-11-04,2014-12-15
FANGJIASHAN-2,CHINA,Operational,PWR  ,1000,2009-07-17,2015-01-12,2015-02-12
FUQING-1,CHINA,Operational,PWR  ,1000,2008-11-21,2014-08-20,2014-11-22
FUQING-2,CHINA,Operational,PWR  ,1000,2009-06-17,2015-08-06,2015-10-16
HONGYANHE-1,CHINA,Operational,PWR  ,1061,2007-08-18,2013-02-17,2013-06-06
HONGYANHE-2,CHINA,Operational,PWR  ,1061,2008-03-28,2013-11-23,2014-05-13
HONGYANHE-3,CHINA,Operational,PWR  ,1000,2009-03-07,2015-03-23,2015-08-16
LING AO-1,CHINA,Operational,PWR  ,950,1997-05-15,2002-02-26,2002-05-28
LING AO-2,CHINA,Operational,PWR  ,950,1997-11-28,2002-09-14,2003-01-08
LING AO-3,CHINA,Operational,PWR  ,1007,2005-12-15,2010-07-15,2010-09-15
LING AO-4,CHINA,Operational,PWR  ,1007,2006-06-15,2011-05-03,2011-08-07
NINGDE-1,CHINA,Operational,PWR  ,1018,2008-02-18,2012-12-28,2013-04-15
NINGDE-2,CHINA,Operational,PWR  ,1018,2008-11-12,2014-01-04,2014-05-04
NINGDE-3,CHINA,Operational,PWR  ,1018,2010-01-08,2015-03-21,2015-06-10
QINSHAN 2-1,CHINA,Operational,PWR  ,610,1996-06-02,2002-02-06,2002-04-15
QINSHAN 2-2,CHINA,Operational,PWR  ,610,1997-04-01,2004-03-11,2004-05-03
QINSHAN 2-3,CHINA,Operational,PWR  ,619,2006-04-28,2010-08-01,2010-10-05
QINSHAN 2-4,CHINA,Operational,PWR  ,610,2007-01-28,2011-11-25,2011-12-30
QINSHAN 3-1,CHINA,Operational,PHWR ,677,1998-06-08,2002-11-19,2002-12-31
QINSHAN 3-2,CHINA,Operational,PHWR ,677,1998-09-25,2003-06-12,2003-07-24
QINSHAN-1,CHINA,Operational,PWR  ,298,1985-03-20,1991-12-15,1994-04-01
TIANWAN-1,CHINA,Operational,PWR  ,990,1999-10-20,2006-05-12,2007-05-17
TIANWAN-2,CHINA,Operational,PWR  ,990,2000-09-20,2007-05-14,2007-08-16
YANGJIANG-1,CHINA,Operational,PWR  ,1000,2008-12-16,2013-12-31,2014-03-25
YANGJIANG-2,CHINA,Operational,PWR  ,1000,2009-06-04,2015-03-10,2015-06-05
YANGJIANG-3,CHINA,Operational,PWR  ,1000,2010-11-15,2015-10-18,
DUKOVANY-1,CZECH REPUBLIC,Operational,PWR  ,468,1979-01-01,1985-02-24,1985-05-03
DUKOVANY-2,CZECH REPUBLIC,Operational,PWR  ,471,1979-01-01,1986-01-30,1986-03-21
DUKOVANY-3,CZECH REPUBLIC,Operational,PWR  ,468,1979-03-01,1986-11-14,1986-12-20
DUKOVANY-4,CZECH REPUBLIC,Operational,PWR  ,471,1979-03-01,1987-06-11,1987-07-19
TEMELIN-1,CZECH REPUBLIC,Operational,PWR  ,1023,1987-02-01,2000-12-21,2002-06-10
TEMELIN-2,CZECH REPUBLIC,Operational,PWR  ,1003,1987-02-01,2002-12-29,2003-04-18
LOVIISA-1,FINLAND,Operational,PWR  ,496,1971-05-01,1977-02-08,1977-05-09
LOVIISA-2,FINLAND,Operational,PWR  ,496,1972-08-01,1980-11-04,1981-01-05
OLKILUOTO-1,FINLAND,Operational,BWR  ,880,1974-02-01,1978-09-02,1979-10-10
OLKILUOTO-2,FINLAND,Operational,BWR  ,880,1975-11-01,1980-02-18,1982-07-10
BELLEVILLE-1,FRANCE,Operational,PWR  ,1310,1980-05-01,1987-10-14,1988-06-01
BELLEVILLE-2,FRANCE,Operational,PWR  ,1310,1980-08-01,1988-07-06,1989-01-01
BLAYAIS-1,FRANCE,Operational,PWR  ,910,1977-01-01,1981-06-12,1981-12-01
BLAYAIS-2,FRANCE,Operational,PWR  ,910,1977-01-01,1982-07-17,1983-02-01
BLAYAIS-3,FRANCE,Operational,PWR  ,910,1978-04-01,1983-08-17,1983-11-14
BLAYAIS-4,FRANCE,Operational,PWR  ,910,1978-04-01,1983-05-16,1983-10-01
BUGEY-2,FRANCE,Operational,PWR  ,910,1972-11-01,1978-05-10,1979-03-01
BUGEY-3,FRANCE,Operational,PWR  ,910,1973-09-01,1978-09-21,1979-03-01
BUGEY-4,FRANCE,Operational,PWR  ,880,1974-06-01,1979-03-08,1979-07-01
BUGEY-5,FRANCE,Operational,PWR  ,880,1974-07-01,1979-07-31,1980-01-03
CATTENOM-1,FRANCE,Operational,PWR  ,1300,1979-10-29,1986-11-13,1987-04-01
CATTENOM-2,FRANCE,Operational,PWR  ,1300,1980-07-28,1987-09-17,1988-02-01
CATTENOM-3,FRANCE,Operational,PWR  ,1300,1982-06-15,1990-07-06,1991-02-01
CATTENOM-4,FRANCE,Operational,PWR  ,1300,1983-09-28,1991-05-27,1992-01-01
CHINON B-1,FRANCE,Operational,PWR  ,905,1977-03-01,1982-11-30,1984-02-01
CHINON B-2,FRANCE,Operational,PWR  ,905,1977-03-01,1983-11-29,1984-08-01
CHINON B-3,FRANCE,Operational,PWR  ,905,1980-10-01,1986-10-20,1987-03-04
CHINON B-4,FRANCE,Operational,PWR  ,905,1981-02-01,1987-11-14,1988-04-01
CHOOZ B-1,FRANCE,Operational,PWR  ,1500,1984-01-01,1996-08-30,2000-05-15
CHOOZ B-2,FRANCE,Operational,PWR  ,1500,1985-12-31,1997-04-10,2000-09-29
CIVAUX-1,FRANCE,Operational,PWR  ,1495,1988-10-15,1997-12-24,2002-01-29
CIVAUX-2,FRANCE,Operational,PWR  ,1495,1991-04-01,1999-12-24,2002-04-23
CRUAS-1,FRANCE,Operational,PWR  ,915,1978-08-01,1983-04-29,1984-04-02
CRUAS-2,FRANCE,Operational,PWR  ,915,1978-11-15,1984-09-06,1985-04-01
CRUAS-3,FRANCE,Operational,PWR  ,915,1979-04-15,1984-05-14,1984-09-10
CRUAS-4,FRANCE,Operational,PWR  ,915,1979-10-01,1984-10-27,1985-02-11
DAMPIERRE-1,FRANCE,Operational,PWR  ,890,1975-02-01,1980-03-23,1980-09-10
DAMPIERRE-2,FRANCE,Operational,PWR  ,890,1975-04-01,1980-12-10,1981-02-16
DAMPIERRE-3,FRANCE,Operational,PWR  ,890,1975-09-01,1981-01-30,1981-05-27
DAMPIERRE-4,FRANCE,Operational,PWR  ,890,1975-12-01,1981-08-18,1981-11-20
FESSENHEIM-1,FRANCE,Operational,PWR  ,880,1971-09-01,1977-04-06,1978-01-01
FESSENHEIM-2,FRANCE,Operational,PWR  ,880,1972-02-01,1977-10-07,1978-04-01
FLAMANVILLE-1,FRANCE,Operational,PWR  ,1330,1979-12-01,1985-12-04,1986-12-01
FLAMANVILLE-2,FRANCE,Operational,PWR  ,1330,1980-05-01,1986-07-18,1987-03-09
GOLFECH-1,FRANCE,Operational,PWR  ,1310,1982-11-17,1990-06-07,1991-02-01
GOLFECH-2,FRANCE,Operational,PWR  ,1310,1984-10-01,1993-06-18,1994-03-04
GRAVELINES-1,FRANCE,Operational,PWR  ,910,1975-02-01,1980-03-13,1980-11-25
GRAVELINES-2,FRANCE,Operational,PWR  ,910,1975-03-01,1980-08-26,1980-12-01
GRAVELINES-3,FRANCE,Operational,PWR  ,910,1975-12-01,1980-12-12,1981-06-01
GRAVELINES-4,FRANCE,Operational,PWR  ,910,1976-04-01,1981-06-14,1981-10-01
GRAVELINES-5,FRANCE,Operational,PWR  ,910,1979-10-01,1984-08-28,1985-01-15
GRAVELINES-6,FRANCE,Operational,PWR  ,910,1979-10-01,1985-08-01,1985-10-25
NOGENT-1,FRANCE,Operational,PWR  ,1310,1981-05-26,1987-10-21,1988-02-24
NOGENT-2,FRANCE,Operational,PWR  ,1310,1982-01-01,1988-12-14,1989-05-01
PALUEL-1,FRANCE,Operational,PWR  ,1330,1977-08-15,1984-06-22,1985-12-01
PALUEL-2,FRANCE,Operational,PWR  ,1330,1978-01-01,1984-09-14,1985-12-01
PALUEL-3,FRANCE,Operational,PWR  ,1330,1979-02-01,1985-09-30,1986-02-01
PALUEL-4,FRANCE,Operational,PWR  ,1330,1980-02-01,1986-04-11,1986-06-01
PENLY-1,FRANCE,Operational,PWR  ,1330,1982-09-01,1990-05-04,1990-12-01
PENLY-2,FRANCE,Operational,PWR  ,1330,1984-08-01,1992-02-04,1992-11-01
ST. ALBAN-1,FRANCE,Operational,PWR  ,1335,1979-01-29,1985-08-30,1986-05-01
ST. ALBAN-2,FRANCE,Operational,PWR  ,1335,1979-07-31,1986-07-03,1987-03-01
ST. LAURENT B-1,FRANCE,Operational,PWR  ,915,1976-05-01,1981-01-21,1983-08-01
ST. LAURENT B-2,FRANCE,Operational,PWR  ,915,1976-07-01,1981-06-01,1983-08-01
TRICASTIN-1,FRANCE,Operational,PWR  ,915,1974-11-01,1980-05-31,1980-12-01
TRICASTIN-2,FRANCE,Operational,PWR  ,915,1974-12-01,1980-08-07,1980-12-01
TRICASTIN-3,FRANCE,Operational,PWR  ,915,1975-04-01,1981-02-10,1981-05-11
TRICASTIN-4,FRANCE,Operational,PWR  ,915,1975-05-01,1981-06-12,1981-11-01
BROKDORF,GERMANY,Operational,PWR  ,1410,1976-01-01,1986-10-14,1986-12-22
EMSLAND,GERMANY,Operational,PWR  ,1335,1982-08-10,1988-04-19,1988-06-20
GROHNDE,GERMANY,Operational,PWR  ,1360,1976-06-01,1984-09-05,1985-02-01
GUNDREMMINGEN-B,GERMANY,Operational,BWR  ,1284,1976-07-20,1984-03-16,1984-07-19
GUNDREMMINGEN-C,GERMANY,Operational,BWR  ,1288,1976-07-20,1984-11-02,1985-01-18
ISAR-2,GERMANY,Operational,PWR  ,1410,1982-09-15,1988-01-22,1988-04-09
NECKARWESTHEIM-2,GERMANY,Operational,PWR  ,1310,1982-11-09,1989-01-03,1989-04-15
PHILIPPSBURG-2,GERMANY,Operational,PWR  ,1402,1977-07-07,1984-12-17,1985-04-18
PAKS-1,HUNGARY,Operational,PWR  ,470,1974-08-01,1982-12-28,1983-08-10
PAKS-2,HUNGARY,Operational,PWR  ,473,1974-08-01,1984-09-06,1984-11-14
PAKS-3,HUNGARY,Operational,PWR  ,473,1979-10-01,1986-09-28,1986-12-01
PAKS-4,HUNGARY,Operational,PWR  ,473,1979-10-01,1987-08-16,1987-11-01
KAIGA-1,INDIA,Operational,PHWR ,202,1989-09-01,2000-10-12,2000-11-16
KAIGA-2,INDIA,Operational,PHWR ,202,1989-12-01,1999-12-02,2000-03-16
KAIGA-3,INDIA,Operational,PHWR ,202,2002-03-30,2007-04-11,2007-05-06
KAIGA-4,INDIA,Operational,PHWR ,202,2002-05-10,2011-01-19,2011-01-20
KAKRAPAR-1,INDIA,Operational,PHWR ,202,1984-12-01,1992-11-24,1993-05-06
KAKRAPAR-2,INDIA,Operational,PHWR ,202,1985-04-01,1995-03-04,1995-09-01
KUDANKULAM-1,INDIA,Operational,PWR  ,917,2002-03-31,2013-10-22,2014-12-31
MADRAS-1,INDIA,Operational,PHWR ,205,1971-01-01,1983-07-23,1984-01-27
MADRAS-2,INDIA,Operational,PHWR ,205,1972-10-01,1985-09-20,1986-03-21
NARORA-1,INDIA,Operational,PHWR ,202,1976-12-01,1989-07-29,1991-01-01
NARORA-2,INDIA,Operational,PHWR ,202,1977-11-01,1992-01-05,1992-07-01
RAJASTHAN-1,INDIA,Operational,PHWR ,90,1965-08-01,1972-11-30,1973-12-16
RAJASTHAN-2,INDIA,Operational,PHWR ,187,1968-04-01,1980-11-01,1981-04-01
RAJASTHAN-3,INDIA,Operational,PHWR ,202,1990-02-01,2000-03-10,2000-06-01
RAJASTHAN-4,INDIA,Operational,PHWR ,202,1990-10-01,2000-11-17,2000-12-23
RAJASTHAN-5,INDIA,Operational,PHWR ,202,2002-09-18,2009-12-22,2010-02-04
RAJASTHAN-6,INDIA,Operational,PHWR ,202,2003-01-20,2010-03-28,2010-03-31
TARAPUR-1,INDIA,Operational,BWR  ,150,1964-10-01,1969-04-01,1969-10-28
TARAPUR-2,INDIA,Operational,BWR  ,150,1964-10-01,1969-05-05,1969-10-28
TARAPUR-3,INDIA,Operational,PHWR ,490,2000-05-12,2006-06-15,2006-08-18
TARAPUR-4,INDIA,Operational,PHWR ,490,2000-03-08,2005-06-04,2005-09-12
BUSHEHR-1,"IRAN, ISLAMIC REPUBLIC OF",Operational,PWR  ,915,1975-05-01,2011-09-03,2013-09-23
FUKUSHIMA-DAINI-1,JAPAN,Operational,BWR  ,1067,1976-03-16,1981-07-31,1982-04-20
FUKUSHIMA-DAINI-2,JAPAN,Operational,BWR  ,1067,1979-05-25,1983-06-23,1984-02-03
FUKUSHIMA-DAINI-3,JAPAN,Operational,BWR  ,1067,1981-03-23,1984-12-14,1985-06-21
FUKUSHIMA-DAINI-4,JAPAN,Operational,BWR  ,1067,1981-05-28,1986-12-17,1987-08-25
GENKAI-2,JAPAN,Operational,PWR  ,529,1977-02-01,1980-06-03,1981-03-30
GENKAI-3,JAPAN,Operational,PWR  ,1127,1988-06-01,1993-06-15,1994-03-18
GENKAI-4,JAPAN,Operational,PWR  ,1127,1992-07-15,1996-11-12,1997-07-25
HAMAOKA-3,JAPAN,Operational,BWR  ,1056,1983-04-18,1987-01-20,1987-08-28
HAMAOKA-4,JAPAN,Operational,BWR  ,1092,1989-10-13,1993-01-27,1993-09-03
HAMAOKA-5,JAPAN,Operational,BWR  ,1325,2000-07-12,2004-04-30,2005-01-18
HIGASHI DORI-1 (TOHOKU),JAPAN,Operational,BWR  ,1067,2000-11-07,2005-03-09,2005-12-08
IKATA-1,JAPAN,Operational,PWR  ,538,1973-09-01,1977-02-17,1977-09-30
IKATA-2,JAPAN,Operational,PWR  ,538,1978-08-01,1981-08-19,1982-03-19
IKATA-3,JAPAN,Operational,PWR  ,846,1990-10-01,1994-03-29,1994-12-15
KASHIWAZAKI KARIWA-1,JAPAN,Operational,BWR  ,1067,1980-06-05,1985-02-13,1985-09-18
KASHIWAZAKI KARIWA-2,JAPAN,Operational,BWR  ,1067,1985-11-18,1990-02-08,1990-09-28
KASHIWAZAKI KARIWA-3,JAPAN,Operational,BWR  ,1067,1989-03-07,1992-12-08,1993-08-11
KASHIWAZAKI KARIWA-4,JAPAN,Operational,BWR  ,1067,1990-03-05,1993-12-21,1994-08-11
KASHIWAZAKI KARIWA-5,JAPAN,Operational,BWR  ,1067,1985-06-20,1989-09-12,1990-04-10
KASHIWAZAKI KARIWA-6,JAPAN,Operational,BWR  ,1315,1992-11-03,1996-01-29,1996-11-07
KASHIWAZAKI KARIWA-7,JAPAN,Operational,BWR  ,1315,1993-07-01,1996-12-17,1997-07-02
MIHAMA-3,JAPAN,Operational,PWR  ,780,1972-08-07,1976-02-19,1976-12-01
OHI-1,JAPAN,Operational,PWR  ,1120,1972-10-26,1977-12-23,1979-03-27
OHI-2,JAPAN,Operational,PWR  ,1120,1972-12-08,1978-10-11,1979-12-05
OHI-3,JAPAN,Operational,PWR  ,1127,1987-10-03,1991-06-07,1991-12-18
OHI-4,JAPAN,Operational,PWR  ,1127,1988-06-13,1992-06-19,1993-02-02
ONAGAWA-1,JAPAN,Operational,BWR  ,498,1980-07-08,1983-11-18,1984-06-01
ONAGAWA-2,JAPAN,Operational,BWR  ,796,1991-04-12,1994-12-23,1995-07-28
ONAGAWA-3,JAPAN,Operational,BWR  ,796,1998-01-23,2001-05-30,2002-01-30
SENDAI-1,JAPAN,Operational,PWR  ,846,1979-12-15,1983-09-16,1984-07-04
SENDAI-2,JAPAN,Operational,PWR  ,846,1981-10-12,1985-04-05,1985-11-28
SHIKA-1,JAPAN,Operational,BWR  ,505,1989-07-01,1993-01-12,1993-07-30
SHIKA-2,JAPAN,Operational,BWR  ,1108,2001-08-20,2005-07-04,2006-03-15
SHIMANE-2,JAPAN,Operational,BWR  ,789,1985-02-02,1988-07-11,1989-02-10
TAKAHAMA-1,JAPAN,Operational,PWR  ,780,1970-04-25,1974-03-27,1974-11-14
TAKAHAMA-2,JAPAN,Operational,PWR  ,780,1971-03-09,1975-01-17,1975-11-14
TAKAHAMA-3,JAPAN,Operational,PWR  ,830,1980-12-12,1984-05-09,1985-01-17
TAKAHAMA-4,JAPAN,Operational,PWR  ,830,1981-03-19,1984-11-01,1985-06-05
TOKAI-2,JAPAN,Operational,BWR  ,1060,1973-10-03,1978-03-13,1978-11-28
TOMARI-1,JAPAN,Operational,PWR  ,550,1985-04-18,1988-12-06,1989-06-22
TOMARI-2,JAPAN,Operational,PWR  ,550,1985-06-13,1990-08-27,1991-04-12
TOMARI-3,JAPAN,Operational,PWR  ,866,2004-11-18,2009-03-20,2009-12-22
TSURUGA-2,JAPAN,Operational,PWR  ,1108,1982-11-06,1986-06-19,1987-02-17
HANBIT-1,"KOREA, REPUBLIC OF",Operational,PWR  ,995,1981-06-04,1986-03-05,1986-08-25
HANBIT-2,"KOREA, REPUBLIC OF",Operational,PWR  ,977,1981-12-10,1986-11-11,1987-06-10
HANBIT-3,"KOREA, REPUBLIC OF",Operational,PWR  ,1000,1989-12-23,1994-10-30,1995-03-31
HANBIT-4,"KOREA, REPUBLIC OF",Operational,PWR  ,998,1990-05-26,1995-07-18,1996-01-01
HANBIT-5,"KOREA, REPUBLIC OF",Operational,PWR  ,998,1997-06-29,2001-12-19,2002-05-21
HANBIT-6,"KOREA, REPUBLIC OF",Operational,PWR  ,993,1997-11-20,2002-09-16,2002-12-24
HANUL-1,"KOREA, REPUBLIC OF",Operational,PWR  ,966,1983-01-26,1988-04-07,1988-09-10
HANUL-2,"KOREA, REPUBLIC OF",Operational,PWR  ,967,1983-07-05,1989-04-14,1989-09-30
HANUL-3,"KOREA, REPUBLIC OF",Operational,PWR  ,997,1993-07-21,1998-01-06,1998-08-11
HANUL-4,"KOREA, REPUBLIC OF",Operational,PWR  ,999,1993-11-01,1998-12-28,1999-12-31
HANUL-5,"KOREA, REPUBLIC OF",Operational,PWR  ,998,1999-10-01,2003-12-18,2004-07-29
HANUL-6,"KOREA, REPUBLIC OF",Operational,PWR  ,997,2000-09-29,2005-01-07,2005-04-22
KORI-1,"KOREA, REPUBLIC OF",Operational,PWR  ,576,1972-04-27,1977-06-26,1978-04-29
KORI-2,"KOREA, REPUBLIC OF",Operational,PWR  ,640,1977-12-04,1983-04-22,1983-07-25
KORI-3,"KOREA, REPUBLIC OF",Operational,PWR  ,1011,1979-10-01,1985-01-22,1985-09-30
KORI-4,"KOREA, REPUBLIC OF",Operational,PWR  ,1010,1980-04-01,1985-11-15,1986-04-29
SHIN-KORI-1,"KOREA, REPUBLIC OF",Operational,PWR  ,999,2006-06-16,2010-08-04,2011-02-28
SHIN-KORI-2,"KOREA, REPUBLIC OF",Operational,PWR  ,998,2007-06-05,2012-01-28,2012-07-20
SHIN-WOLSONG-1,"KOREA, REPUBLIC OF",Operational,PWR  ,997,2007-11-20,2012-01-27,2012-07-31
SHIN-WOLSONG-2,"KOREA, REPUBLIC OF",Operational,PWR  ,960,2008-09-23,2015-02-26,2015-07-24
WOLSONG-1,"KOREA, REPUBLIC OF",Operational,PHWR ,657,1977-10-30,1982-12-31,1983-04-22
WOLSONG-2,"KOREA, REPUBLIC OF",Operational,PHWR ,649,1992-06-22,1997-04-01,1997-07-01
WOLSONG-3,"KOREA, REPUBLIC OF",Operational,PHWR ,665,1994-03-17,1998-03-25,1998-07-01
WOLSONG-4,"KOREA, REPUBLIC OF",Operational,PHWR ,669,1994-07-22,1999-05-21,1999-10-01
LAGUNA VERDE-1,MEXICO,Operational,BWR  ,665,1976-10-01,1989-04-13,1990-07-29
LAGUNA VERDE-2,MEXICO,Operational,BWR  ,780,1977-06-01,1994-11-11,1995-04-10
BORSSELE,NETHERLANDS,Operational,PWR  ,482,1969-07-01,1973-07-04,1973-10-26
CHASNUPP-1,PAKISTAN,Operational,PWR  ,300,1993-08-01,2000-06-13,2000-09-15
CHASNUPP-2,PAKISTAN,Operational,PWR  ,300,2005-12-28,2011-03-14,2011-05-18
KANUPP,PAKISTAN,Operational,PHWR ,90,1966-08-01,1971-10-18,1972-12-07
CERNAVODA-1,ROMANIA,Operational,PHWR ,650,1982-07-01,1996-07-11,1996-12-02
CERNAVODA-2,ROMANIA,Operational,PHWR ,650,1983-07-01,2007-08-07,2007-10-31
BALAKOVO-1,RUSSIA,Operational,PWR  ,950,1980-12-01,1985-12-28,1986-05-23
BALAKOVO-2,RUSSIA,Operational,PWR  ,950,1981-08-01,1987-10-08,1988-01-18
BALAKOVO-3,RUSSIA,Operational,PWR  ,950,1982-11-01,1988-12-25,1989-04-08
BALAKOVO-4,RUSSIA,Operational,PWR  ,950,1984-04-01,1993-04-11,1993-12-22
BELOYARSK-3,RUSSIA,Operational,FBR  ,560,1969-01-01,1980-04-08,1981-11-01
BELOYARSK-4,RUSSIA,Operational,FBR  ,789,2006-07-18,2015-12-10,2016-01-13
BILIBINO-1,RUSSIA,Operational,LWGR ,11,1970-01-01,1974-01-12,1974-04-01
BILIBINO-2,RUSSIA,Operational,LWGR ,11,1970-01-01,1974-12-30,1975-02-01
BILIBINO-3,RUSSIA,Operational,LWGR ,11,1970-01-01,1975-12-22,1976-02-01
BILIBINO-4,RUSSIA,Operational,LWGR ,11,1970-01-01,1976-12-27,1977-01-01
KALININ-1,RUSSIA,Operational,PWR  ,950,1977-02-01,1984-05-09,1985-06-12
KALININ-2,RUSSIA,Operational,PWR  ,950,1982-02-01,1986-12-03,1987-03-03
KALININ-3,RUSSIA,Operational,PWR  ,950,1985-10-01,2004-12-16,2005-11-08
KALININ-4,RUSSIA,Operational,PWR  ,950,1986-08-01,2011-11-24,2012-12-25
KOLA-1,RUSSIA,Operational,PWR  ,411,1970-05-01,1973-06-29,1973-12-28
KOLA-2,RUSSIA,Operational,PWR  ,411,1970-05-01,1974-12-09,1975-02-21
KOLA-3,RUSSIA,Operational,PWR  ,411,1977-04-01,1981-03-24,1982-12-03
KOLA-4,RUSSIA,Operational,PWR  ,411,1976-08-01,1984-10-11,1984-12-06
KURSK-1,RUSSIA,Operational,LWGR ,925,1972-06-01,1976-12-19,1977-10-12
KURSK-2,RUSSIA,Operational,LWGR ,925,1973-01-01,1979-01-28,1979-08-17
KURSK-3,RUSSIA,Operational,LWGR ,925,1978-04-01,1983-10-17,1984-03-30
KURSK-4,RUSSIA,Operational,LWGR ,925,1981-05-01,1985-12-02,1986-02-05
LENINGRAD-1,RUSSIA,Operational,LWGR ,925,1970-03-01,1973-12-21,1974-11-01
LENINGRAD-2,RUSSIA,Operational,LWGR ,925,1970-06-01,1975-07-11,1976-02-11
LENINGRAD-3,RUSSIA,Operational,LWGR ,925,1973-12-01,1979-12-07,1980-06-29
LENINGRAD-4,RUSSIA,Operational,LWGR ,925,1975-02-01,1981-02-09,1981-08-29
NOVOVORONEZH-3,RUSSIA,Operational,PWR  ,385,1967-07-01,1971-12-27,1972-06-29
NOVOVORONEZH-4,RUSSIA,Operational,PWR  ,385,1967-07-01,1972-12-28,1973-03-24
NOVOVORONEZH-5,RUSSIA,Operational,PWR  ,950,1974-03-01,1980-05-31,1981-02-20
ROSTOV-1,RUSSIA,Operational,PWR  ,950,1981-09-01,2001-03-30,2001-12-25
ROSTOV-2,RUSSIA,Operational,PWR  ,950,1983-05-01,2010-03-18,2010-12-10
ROSTOV-3,RUSSIA,Operational,PWR  ,1011,2009-09-15,2014-12-27,2015-09-16
SMOLENSK-1,RUSSIA,Operational,LWGR ,925,1975-10-01,1982-12-09,1983-09-30
SMOLENSK-2,RUSSIA,Operational,LWGR ,925,1976-06-01,1985-05-31,1985-07-02
SMOLENSK-3,RUSSIA,Operational,LWGR ,925,1984-05-01,1990-01-17,1990-10-12
BOHUNICE-3,SLOVAKIA,Operational,PWR  ,471,1976-12-01,1984-08-20,1985-02-14
BOHUNICE-4,SLOVAKIA,Operational,PWR  ,471,1976-12-01,1985-08-09,1985-12-18
MOCHOVCE-1,SLOVAKIA,Operational,PWR  ,436,1983-10-13,1998-07-04,1998-10-29
MOCHOVCE-2,SLOVAKIA,Operational,PWR  ,436,1983-10-13,1999-12-20,2000-04-11
KRSKO,SLOVENIA,Operational,PWR  ,688,1975-03-30,1981-10-02,1983-01-01
KOEBERG-1,SOUTH AFRICA,Operational,PWR  ,930,1976-07-01,1984-04-04,1984-07-21
KOEBERG-2,SOUTH AFRICA,Operational,PWR  ,930,1976-07-01,1985-07-25,1985-11-09
ALMARAZ-1,SPAIN,Operational,PWR  ,1011,1973-07-03,1981-05-01,1983-09-01
ALMARAZ-2,SPAIN,Operational,PWR  ,1006,1973-07-03,1983-10-08,1984-07-01
ASCO-1,SPAIN,Operational,PWR  ,995,1974-05-16,1983-08-13,1984-12-10
ASCO-2,SPAIN,Operational,PWR  ,997,1975-03-07,1985-10-23,1986-03-31
COFRENTES,SPAIN,Operational,BWR  ,1064,1975-09-09,1984-10-14,1985-03-11
TRILLO-1,SPAIN,Operational,PWR  ,1003,1979-08-17,1988-05-23,1988-08-06
VANDELLOS-2,SPAIN,Operational,PWR  ,1045,1980-12-29,1987-12-12,1988-03-08
FORSMARK-1,SWEDEN,Operational,BWR  ,984,1973-06-01,1980-06-06,1980-12-10
FORSMARK-2,SWEDEN,Operational,BWR  ,1120,1975-01-01,1981-01-26,1981-07-07
FORSMARK-3,SWEDEN,Operational,BWR  ,1170,1979-01-01,1985-03-05,1985-08-18
OSKARSHAMN-1,SWEDEN,Operational,BWR  ,473,1966-08-01,1971-08-19,1972-02-06
OSKARSHAMN-2,SWEDEN,Operational,BWR  ,638,1969-09-01,1974-10-02,1975-01-01
OSKARSHAMN-3,SWEDEN,Operational,BWR  ,1400,1980-05-01,1985-03-03,1985-08-15
RINGHALS-1,SWEDEN,Operational,BWR  ,881,1969-02-01,1974-10-14,1976-01-01
RINGHALS-2,SWEDEN,Operational,PWR  ,807,1970-10-01,1974-08-17,1975-05-01
RINGHALS-3,SWEDEN,Operational,PWR  ,1063,1972-09-01,1980-09-07,1981-09-09
RINGHALS-4,SWEDEN,Operational,PWR  ,1115,1973-11-01,1982-06-23,1983-11-21
BEZNAU-1,SWITZERLAND,Operational,PWR  ,365,1965-09-01,1969-07-17,1969-09-01
BEZNAU-2,SWITZERLAND,Operational,PWR  ,365,1968-01-01,1971-10-23,1971-12-01
GOESGEN,SWITZERLAND,Operational,PWR  ,1010,1973-12-01,1979-02-02,1979-11-01
LEIBSTADT,SWITZERLAND,Operational,BWR  ,1220,1974-01-01,1984-05-24,1984-12-15
MUEHLEBERG,SWITZERLAND,Operational,BWR  ,373,1967-03-01,1971-07-01,1972-11-06
CHINSHAN-1,"TAIWAN, CHINA",Operational,BWR  ,604,1972-06-02,1977-11-16,1978-12-10
CHINSHAN-2,"TAIWAN, CHINA",Operational,BWR  ,604,1973-12-07,1978-12-19,1979-07-15
KUOSHENG-1,"TAIWAN, CHINA",Operational,BWR  ,985,1975-11-19,1981-05-21,1981-12-28
KUOSHENG-2,"TAIWAN, CHINA",Operational,BWR  ,985,1976-03-15,1982-06-29,1983-03-16
MAANSHAN-1,"TAIWAN, CHINA",Operational,PWR  ,926,1978-08-21,1984-05-09,1984-07-27
MAANSHAN-2,"TAIWAN, CHINA",Operational,PWR  ,928,1979-02-21,1985-02-25,1985-05-18
KHMELNITSKI-1,UKRAINE,Operational,PWR  ,950,1981-11-01,1987-12-31,1988-08-13
KHMELNITSKI-2,UKRAINE,Operational,PWR  ,950,1985-02-01,2004-08-07,2005-12-15
ROVNO-1,UKRAINE,Operational,PWR  ,381,1973-08-01,1980-12-22,1981-09-22
ROVNO-2,UKRAINE,Operational,PWR  ,376,1973-10-01,1981-12-22,1982-07-29
ROVNO-3,UKRAINE,Operational,PWR  ,950,1980-02-01,1986-12-21,1987-05-16
ROVNO-4,UKRAINE,Operational,PWR  ,950,1986-08-01,2004-10-10,2006-04-06
SOUTH UKRAINE-1,UKRAINE,Operational,PWR  ,950,1976-08-01,1982-12-31,1983-12-02
SOUTH UKRAINE-2,UKRAINE,Operational,PWR  ,950,1981-07-01,1985-01-06,1985-04-06
SOUTH UKRAINE-3,UKRAINE,Operational,PWR  ,950,1984-11-01,1989-09-20,1989-12-29
ZAPOROZHYE-1,UKRAINE,Operational,PWR  ,950,1980-04-01,1984-12-10,1985-12-25
ZAPOROZHYE-2,UKRAINE,Operational,PWR  ,950,1981-01-01,1985-07-22,1986-02-15
ZAPOROZHYE-3,UKRAINE,Operational,PWR  ,950,1982-04-01,1986-12-10,1987-03-05
ZAPOROZHYE-4,UKRAINE,Operational,PWR  ,950,1983-04-01,1987-12-18,1988-04-14
ZAPOROZHYE-5,UKRAINE,Operational,PWR  ,950,1985-11-01,1989-08-14,1989-10-27
ZAPOROZHYE-6,UKRAINE,Operational,PWR  ,950,1986-06-01,1995-10-19,1996-09-17
DUNGENESS B-1,UNITED KINGDOM,Operational,GCR  ,520,1965-10-01,1983-04-03,1985-04-01
DUNGENESS B-2,UNITED KINGDOM,Operational,GCR  ,520,1965-10-01,1985-12-29,1989-04-01
HARTLEPOOL A-1,UNITED KINGDOM,Operational,GCR  ,595,1968-10-01,1983-08-01,1989-04-01
HARTLEPOOL A-2,UNITED KINGDOM,Operational,GCR  ,585,1968-10-01,1984-10-31,1989-04-01
HEYSHAM A-1,UNITED KINGDOM,Operational,GCR  ,580,1970-12-01,1983-07-09,1989-04-01
HEYSHAM A-2,UNITED KINGDOM,Operational,GCR  ,575,1970-12-01,1984-10-11,1989-04-01
HEYSHAM B-1,UNITED KINGDOM,Operational,GCR  ,610,1980-08-01,1988-07-12,1989-04-01
HEYSHAM B-2,UNITED KINGDOM,Operational,GCR  ,610,1980-08-01,1988-11-11,1989-04-01
HINKLEY POINT B-1,UNITED KINGDOM,Operational,GCR  ,475,1967-09-01,1976-10-30,1978-10-02
HINKLEY POINT B-2,UNITED KINGDOM,Operational,GCR  ,470,1967-09-01,1976-02-05,1976-09-27
HUNTERSTON B-1,UNITED KINGDOM,Operational,GCR  ,475,1967-11-01,1976-02-06,1976-02-06
HUNTERSTON B-2,UNITED KINGDOM,Operational,GCR  ,485,1967-11-01,1977-03-31,1977-03-31
SIZEWELL B,UNITED KINGDOM,Operational,PWR  ,1198,1988-07-18,1995-02-14,1995-09-22
TORNESS-1,UNITED KINGDOM,Operational,GCR  ,590,1980-08-01,1988-05-25,1988-05-25
TORNESS-2,UNITED KINGDOM,Operational,GCR  ,595,1980-08-01,1989-02-03,1989-02-03
WYLFA-1,UNITED KINGDOM,Operational,GCR  ,490,1963-09-01,1971-01-24,1971-11-01
ANO-1,UNITED STATES OF AMERICA,Operational,PWR  ,836,1968-10-01,1974-08-17,1974-12-19
ANO-2,UNITED STATES OF AMERICA,Operational,PWR  ,993,1968-12-06,1978-12-26,1980-03-26
BEAVER VALLEY-1,UNITED STATES OF AMERICA,Operational,PWR  ,921,1970-06-26,1976-06-14,1976-10-01
BEAVER VALLEY-2,UNITED STATES OF AMERICA,Operational,PWR  ,904,1974-05-03,1987-08-17,1987-11-17
BRAIDWOOD-1,UNITED STATES OF AMERICA,Operational,PWR  ,1194,1975-08-01,1987-07-12,1988-07-29
BRAIDWOOD-2,UNITED STATES OF AMERICA,Operational,PWR  ,1160,1975-08-01,1988-05-25,1988-10-17
BROWNS FERRY-1,UNITED STATES OF AMERICA,Operational,BWR  ,1101,1967-05-01,1973-10-15,1974-08-01
BROWNS FERRY-2,UNITED STATES OF AMERICA,Operational,BWR  ,1104,1967-05-01,1974-08-28,1975-03-01
BROWNS FERRY-3,UNITED STATES OF AMERICA,Operational,BWR  ,1105,1968-07-01,1976-09-12,1977-03-01
BRUNSWICK-1,UNITED STATES OF AMERICA,Operational,BWR  ,938,1970-02-07,1976-12-04,1977-03-18
BRUNSWICK-2,UNITED STATES OF AMERICA,Operational,BWR  ,920,1970-02-07,1975-04-29,1975-11-03
BYRON-1,UNITED STATES OF AMERICA,Operational,PWR  ,1164,1975-04-01,1985-03-01,1985-09-16
BYRON-2,UNITED STATES OF AMERICA,Operational,PWR  ,1136,1975-04-01,1987-02-06,1987-08-02
CALLAWAY-1,UNITED STATES OF AMERICA,Operational,PWR  ,1215,1975-09-01,1984-10-24,1984-12-19
CALVERT CLIFFS-1,UNITED STATES OF AMERICA,Operational,PWR  ,866,1968-06-01,1975-01-03,1975-05-08
CALVERT CLIFFS-2,UNITED STATES OF AMERICA,Operational,PWR  ,850,1968-06-01,1976-12-07,1977-04-01
CATAWBA-1,UNITED STATES OF AMERICA,Operational,PWR  ,1146,1974-05-01,1985-01-22,1985-06-29
CATAWBA-2,UNITED STATES OF AMERICA,Operational,PWR  ,1146,1974-05-01,1986-05-18,1986-08-19
CLINTON-1,UNITED STATES OF AMERICA,Operational,BWR  ,1065,1975-10-01,1987-04-24,1987-11-24
COLUMBIA,UNITED STATES OF AMERICA,Operational,BWR  ,1107,1972-08-01,1984-05-27,1984-12-13
COMANCHE PEAK-1,UNITED STATES OF AMERICA,Operational,PWR  ,1209,1974-12-19,1990-04-24,1990-08-13
COMANCHE PEAK-2,UNITED STATES OF AMERICA,Operational,PWR  ,1197,1974-12-19,1993-04-09,1993-08-03
COOK-1,UNITED STATES OF AMERICA,Operational,PWR  ,1030,1969-03-25,1975-02-10,1975-08-28
COOK-2,UNITED STATES OF AMERICA,Operational,PWR  ,1077,1969-03-25,1978-03-22,1978-07-01
COOPER,UNITED STATES OF AMERICA,Operational,BWR  ,768,1968-06-01,1974-05-10,1974-07-01
DAVIS BESSE-1,UNITED STATES OF AMERICA,Operational,PWR  ,894,1970-09-01,1977-08-28,1978-07-31
DIABLO CANYON-1,UNITED STATES OF AMERICA,Operational,PWR  ,1122,1968-04-23,1984-11-11,1985-05-07
DIABLO CANYON-2,UNITED STATES OF AMERICA,Operational,PWR  ,1118,1970-12-09,1985-10-20,1986-03-13
DRESDEN-2,UNITED STATES OF AMERICA,Operational,BWR  ,894,1966-01-10,1970-04-13,1970-06-09
DRESDEN-3,UNITED STATES OF AMERICA,Operational,BWR  ,879,1966-10-14,1971-07-22,1971-11-16
DUANE ARNOLD-1,UNITED STATES OF AMERICA,Operational,BWR  ,601,1970-06-22,1974-05-19,1975-02-01
FARLEY-1,UNITED STATES OF AMERICA,Operational,PWR  ,874,1970-10-01,1977-08-18,1977-12-01
FARLEY-2,UNITED STATES OF AMERICA,Operational,PWR  ,883,1970-10-01,1981-05-25,1981-07-30
FERMI-2,UNITED STATES OF AMERICA,Operational,BWR  ,1122,1972-09-26,1986-09-21,1988-01-23
FITZPATRICK,UNITED STATES OF AMERICA,Operational,BWR  ,813,1968-09-01,1975-02-01,1975-07-28
FORT CALHOUN-1,UNITED STATES OF AMERICA,Operational,PWR  ,482,1968-06-07,1973-08-25,1973-09-26
GINNA,UNITED STATES OF AMERICA,Operational,PWR  ,580,1966-04-25,1969-12-02,1970-07-01
GRAND GULF-1,UNITED STATES OF AMERICA,Operational,BWR  ,1419,1974-05-04,1984-10-20,1985-07-01
HARRIS-1,UNITED STATES OF AMERICA,Operational,PWR  ,928,1978-01-28,1987-01-19,1987-05-02
HATCH-1,UNITED STATES OF AMERICA,Operational,BWR  ,876,1968-09-30,1974-11-11,1975-12-31
HATCH-2,UNITED STATES OF AMERICA,Operational,BWR  ,883,1972-02-01,1978-09-22,1979-09-05
HOPE CREEK-1,UNITED STATES OF AMERICA,Operational,BWR  ,1172,1976-03-01,1986-08-01,1986-12-20
INDIAN POINT-2,UNITED STATES OF AMERICA,Operational,PWR  ,1020,1966-10-14,1973-06-26,1974-08-01
INDIAN POINT-3,UNITED STATES OF AMERICA,Operational,PWR  ,1040,1968-11-01,1976-04-27,1976-08-30
LASALLE-1,UNITED STATES OF AMERICA,Operational,BWR  ,1137,1973-09-10,1982-09-04,1984-01-01
LASALLE-2,UNITED STATES OF AMERICA,Operational,BWR  ,1140,1973-09-10,1984-04-20,1984-10-19
LIMERICK-1,UNITED STATES OF AMERICA,Operational,BWR  ,1130,1974-06-19,1985-04-13,1986-02-01
LIMERICK-2,UNITED STATES OF AMERICA,Operational,BWR  ,1134,1974-06-19,1989-09-01,1990-01-08
MCGUIRE-1,UNITED STATES OF AMERICA,Operational,PWR  ,1158,1971-04-01,1981-09-12,1981-12-01
MCGUIRE-2,UNITED STATES OF AMERICA,Operational,PWR  ,1158,1971-04-01,1983-05-23,1984-03-01
MILLSTONE-2,UNITED STATES OF AMERICA,Operational,PWR  ,869,1969-11-01,1975-11-09,1975-12-26
MILLSTONE-3,UNITED STATES OF AMERICA,Operational,PWR  ,1218,1974-08-09,1986-02-12,1986-04-23
MONTICELLO,UNITED STATES OF AMERICA,Operational,BWR  ,647,1967-06-19,1971-03-05,1971-06-30
NINE MILE POINT-1,UNITED STATES OF AMERICA,Operational,BWR  ,621,1965-04-12,1969-11-09,1969-12-01
NINE MILE POINT-2,UNITED STATES OF AMERICA,Operational,BWR  ,1276,1975-08-01,1987-08-08,1988-03-11
NORTH ANNA-1,UNITED STATES OF AMERICA,Operational,PWR  ,943,1971-02-19,1978-04-17,1978-06-06
NORTH ANNA-2,UNITED STATES OF AMERICA,Operational,PWR  ,943,1971-02-19,1980-08-25,1980-12-14
OCONEE-1,UNITED STATES OF AMERICA,Operational,PWR  ,846,1967-11-06,1973-05-06,1973-07-15
OCONEE-2,UNITED STATES OF AMERICA,Operational,PWR  ,846,1967-11-06,1973-12-05,1974-09-09
OCONEE-3,UNITED STATES OF AMERICA,Operational,PWR  ,846,1967-11-06,1974-09-18,1974-12-16
OYSTER CREEK,UNITED STATES OF AMERICA,Operational,BWR  ,619,1964-12-15,1969-09-23,1969-12-01
PALISADES,UNITED STATES OF AMERICA,Operational,PWR  ,793,1967-03-14,1971-12-31,1971-12-31
PALO VERDE-1,UNITED STATES OF AMERICA,Operational,PWR  ,1311,1976-05-25,1985-06-10,1986-01-28
PALO VERDE-2,UNITED STATES OF AMERICA,Operational,PWR  ,1314,1976-06-01,1986-05-20,1986-09-19
PALO VERDE-3,UNITED STATES OF AMERICA,Operational,PWR  ,1312,1976-06-01,1987-11-28,1988-01-08
PEACH BOTTOM-2,UNITED STATES OF AMERICA,Operational,BWR  ,1125,1968-01-31,1974-02-18,1974-07-05
PEACH BOTTOM-3,UNITED STATES OF AMERICA,Operational,BWR  ,1138,1968-01-31,1974-09-01,1974-12-23
PERRY-1,UNITED STATES OF AMERICA,Operational,BWR  ,1256,1974-10-01,1986-12-19,1987-11-18
PILGRIM-1,UNITED STATES OF AMERICA,Operational,BWR  ,677,1968-08-26,1972-07-19,1972-12-01
POINT BEACH-1,UNITED STATES OF AMERICA,Operational,PWR  ,591,1967-07-19,1970-11-06,1970-12-21
POINT BEACH-2,UNITED STATES OF AMERICA,Operational,PWR  ,591,1968-07-25,1972-08-02,1972-10-01
PRAIRIE ISLAND-1,UNITED STATES OF AMERICA,Operational,PWR  ,522,1968-06-25,1973-12-04,1973-12-16
PRAIRIE ISLAND-2,UNITED STATES OF AMERICA,Operational,PWR  ,518,1969-06-25,1974-12-21,1974-12-21
QUAD CITIES-1,UNITED STATES OF AMERICA,Operational,BWR  ,908,1967-02-15,1972-04-12,1973-02-18
QUAD CITIES-2,UNITED STATES OF AMERICA,Operational,BWR  ,911,1967-02-15,1972-05-23,1973-03-10
RIVER BEND-1,UNITED STATES OF AMERICA,Operational,BWR  ,967,1977-03-25,1985-12-03,1986-06-16
ROBINSON-2,UNITED STATES OF AMERICA,Operational,PWR  ,741,1967-04-13,1970-09-26,1971-03-07
SALEM-1,UNITED STATES OF AMERICA,Operational,PWR  ,1168,1968-09-25,1976-12-25,1977-06-30
SALEM-2,UNITED STATES OF AMERICA,Operational,PWR  ,1158,1968-09-25,1981-06-03,1981-10-13
SEABROOK-1,UNITED STATES OF AMERICA,Operational,PWR  ,1246,1976-07-07,1990-05-29,1990-08-19
SEQUOYAH-1,UNITED STATES OF AMERICA,Operational,PWR  ,1152,1970-05-27,1980-07-22,1981-07-01
SEQUOYAH-2,UNITED STATES OF AMERICA,Operational,PWR  ,1125,1970-05-27,1981-12-23,1982-06-01
SOUTH TEXAS-1,UNITED STATES OF AMERICA,Operational,PWR  ,1280,1975-12-22,1988-03-30,1988-08-25
SOUTH TEXAS-2,UNITED STATES OF AMERICA,Operational,PWR  ,1280,1975-12-22,1989-04-11,1989-06-19
ST. LUCIE-1,UNITED STATES OF AMERICA,Operational,PWR  ,982,1970-07-01,1976-05-07,1976-12-21
ST. LUCIE-2,UNITED STATES OF AMERICA,Operational,PWR  ,987,1977-06-02,1983-06-13,1983-08-08
SUMMER-1,UNITED STATES OF AMERICA,Operational,PWR  ,971,1973-03-21,1982-11-16,1984-01-01
SURRY-1,UNITED STATES OF AMERICA,Operational,PWR  ,838,1968-06-25,1972-07-04,1972-12-22
SURRY-2,UNITED STATES OF AMERICA,Operational,PWR  ,838,1968-06-25,1973-03-10,1973-05-01
SUSQUEHANNA-1,UNITED STATES OF AMERICA,Operational,BWR  ,1257,1973-11-02,1982-11-16,1983-06-08
SUSQUEHANNA-2,UNITED STATES OF AMERICA,Operational,BWR  ,1257,1973-11-02,1984-07-03,1985-02-12
THREE MILE ISLAND-1,UNITED STATES OF AMERICA,Operational,PWR  ,819,1968-05-18,1974-06-19,1974-09-02
TURKEY POINT-3,UNITED STATES OF AMERICA,Operational,PWR  ,802,1967-04-27,1972-11-02,1972-12-14
TURKEY POINT-4,UNITED STATES OF AMERICA,Operational,PWR  ,802,1967-04-27,1973-06-21,1973-09-07
VOGTLE-1,UNITED STATES OF AMERICA,Operational,PWR  ,1150,1976-08-01,1987-03-27,1987-06-01
VOGTLE-2,UNITED STATES OF AMERICA,Operational,PWR  ,1152,1976-08-01,1989-04-10,1989-05-20
WATERFORD-3,UNITED STATES OF AMERICA,Operational,PWR  ,1168,1974-11-14,1985-03-18,1985-09-24
WATTS BAR-1,UNITED STATES OF AMERICA,Operational,PWR  ,1123,1973-07-20,1996-02-06,1996-05-27
WOLF CREEK,UNITED STATES OF AMERICA,Operational,PWR  ,1195,1977-05-31,1985-06-12,1985-09-03
ARMENIAN-1,ARMENIA,Permanent Shutdown,PWR  ,376,1969-07-01,1976-12-22,1977-10-06
BR-3,BELGIUM,Permanent Shutdown,PWR  ,10,1957-11-01,1962-10-10,1962-10-10
KOZLODUY-1,BULGARIA,Permanent Shutdown,PWR  ,408,1970-04-01,1974-07-24,1974-10-28
KOZLODUY-2,BULGARIA,Permanent Shutdown,PWR  ,408,1970-04-01,1975-08-24,1975-11-10
KOZLODUY-3,BULGARIA,Permanent Shutdown,PWR  ,408,1973-10-01,1980-12-17,1981-01-20
KOZLODUY-4,BULGARIA,Permanent Shutdown,PWR  ,408,1973-10-01,1982-05-17,1982-06-20
DOUGLAS POINT,CANADA,Permanent Shutdown,PHWR ,206,1960-02-01,1967-01-07,1968-09-26
GENTILLY-1,CANADA,Permanent Shutdown,HWLWR,250,1966-09-01,1971-04-05,1972-05-01
GENTILLY-2,CANADA,Permanent Shutdown,PHWR ,635,1974-04-01,1982-12-04,1983-10-01
PICKERING-2,CANADA,Permanent Shutdown,PHWR ,515,1966-09-01,1971-10-06,1971-12-30
PICKERING-3,CANADA,Permanent Shutdown,PHWR ,515,1967-12-01,1972-05-03,1972-06-01
ROLPHTON NPD,CANADA,Permanent Shutdown,PHWR ,22,1958-01-01,1962-06-04,1962-10-01
BUGEY-1,FRANCE,Permanent Shutdown,GCR  ,540,1965-12-01,1972-04-15,1972-07-01
CHINON A-1,FRANCE,Permanent Shutdown,GCR  ,70,1957-02-01,1963-06-14,1964-02-01
CHINON A-2,FRANCE,Permanent Shutdown,GCR  ,180,1959-08-01,1965-02-24,1965-02-24
CHINON A-3,FRANCE,Permanent Shutdown,GCR  ,360,1961-03-01,1966-08-04,1966-08-04
CHOOZ-A (ARDENNES),FRANCE,Permanent Shutdown,PWR  ,305,1962-01-01,1967-04-03,1967-04-15
EL-4 (MONTS D'ARREE),FRANCE,Permanent Shutdown,HWGCR,70,1962-07-01,1967-07-09,1968-06-01
G-2 (MARCOULE),FRANCE,Permanent Shutdown,GCR  ,39,1955-03-01,1959-04-22,1959-04-22
G-3 (MARCOULE),FRANCE,Permanent Shutdown,GCR  ,40,1956-03-01,1960-04-04,1960-04-04
PHENIX,FRANCE,Permanent Shutdown,FBR  ,130,1968-11-01,1973-12-13,1974-07-14
ST. LAURENT A-1,FRANCE,Permanent Shutdown,GCR  ,390,1963-10-01,1969-03-14,1969-06-01
ST. LAURENT A-2,FRANCE,Permanent Shutdown,GCR  ,465,1966-01-01,1971-08-09,1971-11-01
SUPER-PHENIX,FRANCE,Permanent Shutdown,FBR  ,1200,1976-12-13,1986-01-14,1986-12-01
AVR JUELICH,GERMANY,Permanent Shutdown,HTGR ,13,1961-08-01,1967-12-17,1969-05-19
BIBLIS-A,GERMANY,Permanent Shutdown,PWR  ,1167,1970-01-01,1974-08-25,1975-02-26
BIBLIS-B,GERMANY,Permanent Shutdown,PWR  ,1240,1972-02-01,1976-04-25,1977-01-31
BRUNSBUETTEL,GERMANY,Permanent Shutdown,BWR  ,771,1970-04-15,1976-07-13,1977-02-09
GRAFENRHEINFELD,GERMANY,Permanent Shutdown,PWR  ,1275,1975-01-01,1981-12-30,1982-06-17
GREIFSWALD-1,GERMANY,Permanent Shutdown,PWR  ,408,1970-03-01,1973-12-17,1974-07-12
GREIFSWALD-2,GERMANY,Permanent Shutdown,PWR  ,408,1970-03-01,1974-12-23,1975-04-16
GREIFSWALD-3,GERMANY,Permanent Shutdown,PWR  ,408,1972-04-01,1977-10-24,1978-05-01
GREIFSWALD-4,GERMANY,Permanent Shutdown,PWR  ,408,1972-04-01,1979-09-03,1979-11-01
GREIFSWALD-5,GERMANY,Permanent Shutdown,PWR  ,408,1976-12-01,1989-04-24,1989-11-01
GUNDREMMINGEN-A,GERMANY,Permanent Shutdown,BWR  ,237,1962-12-12,1966-12-01,1967-04-12
HDR GROSSWELZHEIM,GERMANY,Permanent Shutdown,BWR  ,25,1965-01-01,1969-10-14,1970-08-02
ISAR-1,GERMANY,Permanent Shutdown,BWR  ,878,1972-05-01,1977-12-03,1979-03-21
KNK II,GERMANY,Permanent Shutdown,FBR  ,17,1974-09-01,1978-04-09,1979-03-03
KRUEMMEL,GERMANY,Permanent Shutdown,BWR  ,1346,1974-04-05,1983-09-28,1984-03-28
LINGEN,GERMANY,Permanent Shutdown,BWR  ,183,1964-10-01,1968-07-01,1968-10-01
MUELHEIM-KAERLICH,GERMANY,Permanent Shutdown,PWR  ,1219,1975-01-15,1986-03-14,1987-08-18
MZFR,GERMANY,Permanent Shutdown,PHWR ,52,1961-12-01,1966-03-09,1966-12-19
NECKARWESTHEIM-1,GERMANY,Permanent Shutdown,PWR  ,785,1972-02-01,1976-06-03,1976-12-01
NIEDERAICHBACH,GERMANY,Permanent Shutdown,HWGCR,100,1966-06-01,1973-01-01,1973-01-01
OBRIGHEIM,GERMANY,Permanent Shutdown,PWR  ,340,1965-03-15,1968-10-29,1969-03-31
PHILIPPSBURG-1,GERMANY,Permanent Shutdown,BWR  ,890,1970-10-01,1979-05-05,1980-03-26
RHEINSBERG,GERMANY,Permanent Shutdown,PWR  ,62,1960-01-01,1966-05-06,1966-10-11
STADE,GERMANY,Permanent Shutdown,PWR  ,640,1967-12-01,1972-01-29,1972-05-19
THTR-300,GERMANY,Permanent Shutdown,HTGR ,296,1971-05-03,1985-11-16,1987-06-01
UNTERWESER,GERMANY,Permanent Shutdown,PWR  ,1345,1972-07-01,1978-09-29,1979-09-06
VAK KAHL,GERMANY,Permanent Shutdown,BWR  ,15,1958-07-01,1961-06-17,1962-02-01
WUERGASSEN,GERMANY,Permanent Shutdown,BWR  ,640,1968-01-26,1971-12-18,1975-11-11
CAORSO,ITALY,Permanent Shutdown,BWR  ,860,1970-01-01,1978-05-23,1981-12-01
ENRICO FERMI,ITALY,Permanent Shutdown,PWR  ,260,1961-07-01,1964-10-22,1965-01-01
GARIGLIANO,ITALY,Permanent Shutdown,BWR  ,150,1959-11-01,1964-01-01,1964-06-01
LATINA,ITALY,Permanent Shutdown,GCR  ,153,1958-11-01,1963-05-12,1964-01-01
FUGEN ATR,JAPAN,Permanent Shutdown,HWLWR,148,1972-05-10,1978-07-29,1979-03-20
FUKUSHIMA-DAIICHI-1,JAPAN,Permanent Shutdown,BWR  ,439,1967-07-25,1970-11-17,1971-03-26
FUKUSHIMA-DAIICHI-2,JAPAN,Permanent Shutdown,BWR  ,760,1969-06-09,1973-12-24,1974-07-18
FUKUSHIMA-DAIICHI-3,JAPAN,Permanent Shutdown,BWR  ,760,1970-12-28,1974-10-26,1976-03-27
FUKUSHIMA-DAIICHI-4,JAPAN,Permanent Shutdown,BWR  ,760,1973-02-12,1978-02-24,1978-10-12
FUKUSHIMA-DAIICHI-5,JAPAN,Permanent Shutdown,BWR  ,760,1972-05-22,1977-09-22,1978-04-18
FUKUSHIMA-DAIICHI-6,JAPAN,Permanent Shutdown,BWR  ,1067,1973-10-26,1979-05-04,1979-10-24
GENKAI-1,JAPAN,Permanent Shutdown,PWR  ,529,1971-09-15,1975-02-14,1975-10-15
HAMAOKA-1,JAPAN,Permanent Shutdown,BWR  ,515,1971-06-10,1974-08-13,1976-03-17
HAMAOKA-2,JAPAN,Permanent Shutdown,BWR  ,806,1974-06-14,1978-05-04,1978-11-29
JPDR,JAPAN,Permanent Shutdown,BWR  ,12,1960-12-01,1963-10-26,1965-03-15
MIHAMA-1,JAPAN,Permanent Shutdown,PWR  ,320,1967-02-01,1970-08-08,1970-11-28
MIHAMA-2,JAPAN,Permanent Shutdown,PWR  ,470,1968-05-29,1972-04-21,1972-07-25
SHIMANE-1,JAPAN,Permanent Shutdown,BWR  ,439,1970-07-02,1973-12-02,1974-03-29
TOKAI-1,JAPAN,Permanent Shutdown,GCR  ,137,1961-03-01,1965-11-10,1966-07-25
TSURUGA-1,JAPAN,Permanent Shutdown,BWR  ,340,1966-11-24,1969-11-16,1970-03-14
AKTAU,KAZAKHSTAN,Permanent Shutdown,FBR  ,52,1964-10-01,1973-07-16,1973-07-16
IGNALINA-1,LITHUANIA,Permanent Shutdown,LWGR ,1185,1977-05-01,1983-12-31,1985-05-01
IGNALINA-2,LITHUANIA,Permanent Shutdown,LWGR ,1185,1978-01-01,1987-08-20,1987-12-01
DODEWAARD,NETHERLANDS,Permanent Shutdown,BWR  ,55,1965-05-01,1968-10-18,1969-03-26
APS-1 OBNINSK,RUSSIA,Permanent Shutdown,LWGR ,5,1951-01-01,1954-06-27,1954-12-01
BELOYARSK-1,RUSSIA,Permanent Shutdown,LWGR ,102,1958-06-01,1964-04-26,1964-04-26
BELOYARSK-2,RUSSIA,Permanent Shutdown,LWGR ,146,1962-01-01,1967-12-29,1969-12-01
NOVOVORONEZH-1,RUSSIA,Permanent Shutdown,PWR  ,197,1957-07-01,1964-09-30,1964-12-31
NOVOVORONEZH-2,RUSSIA,Permanent Shutdown,PWR  ,336,1964-06-01,1969-12-27,1970-04-14
BOHUNICE A1,SLOVAKIA,Permanent Shutdown,HWGCR,93,1958-08-01,1972-12-25,1972-12-25
BOHUNICE-1,SLOVAKIA,Permanent Shutdown,PWR  ,408,1972-04-24,1978-12-17,1980-04-01
BOHUNICE-2,SLOVAKIA,Permanent Shutdown,PWR  ,408,1972-04-24,1980-03-26,1981-01-01
JOSE CABRERA-1,SPAIN,Permanent Shutdown,PWR  ,141,1964-06-24,1968-07-14,1969-08-13
VANDELLOS-1,SPAIN,Permanent Shutdown,GCR  ,480,1968-06-21,1972-05-06,1972-08-02
AGESTA,SWEDEN,Permanent Shutdown,PHWR ,10,1957-12-01,1964-05-01,1964-05-01
BARSEBACK-1,SWEDEN,Permanent Shutdown,BWR  ,600,1971-02-01,1975-05-15,1975-07-01
BARSEBACK-2,SWEDEN,Permanent Shutdown,BWR  ,600,1973-01-01,1977-03-21,1977-07-01
LUCENS,SWITZERLAND,Permanent Shutdown,HWGCR,6,1962-04-01,1968-01-29,
CHERNOBYL-1,UKRAINE,Permanent Shutdown,LWGR ,740,1970-03-01,1977-09-26,1978-05-27
CHERNOBYL-2,UKRAINE,Permanent Shutdown,LWGR ,925,1973-02-01,1978-12-21,1979-05-28
CHERNOBYL-3,UKRAINE,Permanent Shutdown,LWGR ,925,1976-03-01,1981-12-03,1982-06-08
CHERNOBYL-4,UKRAINE,Permanent Shutdown,LWGR ,925,1979-04-01,1983-12-22,1984-03-26
BERKELEY-1,UNITED KINGDOM,Permanent Shutdown,GCR  ,138,1957-01-01,1962-06-12,1962-06-12
BERKELEY-2,UNITED KINGDOM,Permanent Shutdown,GCR  ,138,1957-01-01,1962-06-24,1962-10-20
BRADWELL-1,UNITED KINGDOM,Permanent Shutdown,GCR  ,123,1957-01-01,1962-07-01,1962-07-01
BRADWELL-2,UNITED KINGDOM,Permanent Shutdown,GCR  ,123,1957-01-01,1962-07-06,1962-11-12
CALDER HALL-1,UNITED KINGDOM,Permanent Shutdown,GCR  ,49,1953-08-01,1956-08-27,1956-10-01
CALDER HALL-2,UNITED KINGDOM,Permanent Shutdown,GCR  ,49,1953-08-01,1957-02-01,1957-02-01
CALDER HALL-3,UNITED KINGDOM,Permanent Shutdown,GCR  ,49,1955-08-01,1958-03-01,1958-05-01
CALDER HALL-4,UNITED KINGDOM,Permanent Shutdown,GCR  ,49,1955-08-01,1959-04-01,1959-04-01
CHAPELCROSS-1,UNITED KINGDOM,Permanent Shutdown,GCR  ,48,1955-10-01,1959-02-01,1959-03-01
CHAPELCROSS-2,UNITED KINGDOM,Permanent Shutdown,GCR  ,48,1955-10-01,1959-07-01,1959-08-01
CHAPELCROSS-3,UNITED KINGDOM,Permanent Shutdown,GCR  ,48,1955-10-01,1959-11-01,1959-12-01
CHAPELCROSS-4,UNITED KINGDOM,Permanent Shutdown,GCR  ,48,1955-10-01,1960-01-01,1960-03-01
DOUNREAY DFR,UNITED KINGDOM,Permanent Shutdown,FBR  ,11,1955-03-01,1962-10-01,1962-10-01
DOUNREAY PFR,UNITED KINGDOM,Permanent Shutdown,FBR  ,234,1966-01-01,1975-01-10,1976-07-01
DUNGENESS A-1,UNITED KINGDOM,Permanent Shutdown,GCR  ,225,1960-07-01,1965-09-21,1965-10-28
DUNGENESS A-2,UNITED KINGDOM,Permanent Shutdown,GCR  ,225,1960-07-01,1965-11-01,1965-12-30
HINKLEY POINT A-1,UNITED KINGDOM,Permanent Shutdown,GCR  ,235,1957-11-01,1965-02-16,1965-03-30
HINKLEY POINT A-2,UNITED KINGDOM,Permanent Shutdown,GCR  ,235,1957-11-01,1965-03-19,1965-05-05
HUNTERSTON A-1,UNITED KINGDOM,Permanent Shutdown,GCR  ,150,1957-10-01,1964-02-05,1964-02-05
HUNTERSTON A-2,UNITED KINGDOM,Permanent Shutdown,GCR  ,150,1957-10-01,1964-06-01,1964-07-01
OLDBURY A-1,UNITED KINGDOM,Permanent Shutdown,GCR  ,217,1962-05-01,1967-11-07,1967-12-31
OLDBURY A-2,UNITED KINGDOM,Permanent Shutdown,GCR  ,217,1962-05-01,1968-04-06,1968-09-30
SIZEWELL A-1,UNITED KINGDOM,Permanent Shutdown,GCR  ,210,1961-04-01,1966-01-21,1966-03-25
SIZEWELL A-2,UNITED KINGDOM,Permanent Shutdown,GCR  ,210,1961-04-01,1966-04-09,1966-09-15
TRAWSFYNYDD-1,UNITED KINGDOM,Permanent Shutdown,GCR  ,195,1959-07-01,1965-01-14,1965-03-24
TRAWSFYNYDD-2,UNITED KINGDOM,Permanent Shutdown,GCR  ,195,1959-07-01,1965-02-02,1965-03-24
WINDSCALE AGR,UNITED KINGDOM,Permanent Shutdown,GCR  ,24,1958-11-01,1963-02-01,1963-03-01
WINFRITH SGHWR,UNITED KINGDOM,Permanent Shutdown,SGHWR,92,1963-05-01,1967-12-01,1968-01-01
WYLFA-2,UNITED KINGDOM,Permanent Shutdown,GCR  ,490,1963-09-01,1971-07-21,1972-01-03
BIG ROCK POINT,UNITED STATES OF AMERICA,Permanent Shutdown,BWR  ,67,1960-05-01,1962-12-08,1963-03-29
BONUS,UNITED STATES OF AMERICA,Permanent Shutdown,BWR  ,17,1960-01-01,1964-08-14,1965-09-01
CRYSTAL RIVER-3,UNITED STATES OF AMERICA,Permanent Shutdown,PWR  ,860,1968-09-25,1977-01-30,1977-03-13
CVTR,UNITED STATES OF AMERICA,Permanent Shutdown,PHWR ,17,1960-01-01,1963-12-18,
DRESDEN-1,UNITED STATES OF AMERICA,Permanent Shutdown,BWR  ,197,1956-05-01,1960-04-15,1960-07-04
ELK RIVER,UNITED STATES OF AMERICA,Permanent Shutdown,BWR  ,22,1959-01-01,1963-08-24,1964-07-01
FERMI-1,UNITED STATES OF AMERICA,Permanent Shutdown,FBR  ,61,1956-12-01,1966-08-05,
FORT ST. VRAIN,UNITED STATES OF AMERICA,Permanent Shutdown,HTGR ,330,1968-09-01,1976-12-11,1979-07-01
GE VALLECITOS,UNITED STATES OF AMERICA,Permanent Shutdown,BWR  ,24,1956-01-01,1957-10-19,1957-10-19
HADDAM NECK,UNITED STATES OF AMERICA,Permanent Shutdown,PWR  ,560,1964-05-01,1967-08-07,1968-01-01
HALLAM,UNITED STATES OF AMERICA,Permanent Shutdown,X    ,75,1959-01-01,1963-09-01,1963-11-01
HUMBOLDT BAY,UNITED STATES OF AMERICA,Permanent Shutdown,BWR  ,63,1960-11-01,1963-04-18,1963-08-01
INDIAN POINT-1,UNITED STATES OF AMERICA,Permanent Shutdown,PWR  ,257,1956-05-01,1962-09-16,1962-10-01
KEWAUNEE,UNITED STATES OF AMERICA,Permanent Shutdown,PWR  ,566,1968-08-06,1974-04-08,1974-06-16
LACROSSE,UNITED STATES OF AMERICA,Permanent Shutdown,BWR  ,48,1963-03-01,1968-04-26,1969-11-07
MAINE YANKEE,UNITED STATES OF AMERICA,Permanent Shutdown,PWR  ,860,1968-10-01,1972-11-08,1972-12-28
MILLSTONE-1,UNITED STATES OF AMERICA,Permanent Shutdown,BWR  ,641,1966-05-01,1970-11-29,1971-03-01
PATHFINDER,UNITED STATES OF AMERICA,Permanent Shutdown,BWR  ,59,1959-01-01,1966-07-25,
PEACH BOTTOM-1,UNITED STATES OF AMERICA,Permanent Shutdown,HTGR ,40,1962-02-01,1967-01-27,1967-06-01
PIQUA,UNITED STATES OF AMERICA,Permanent Shutdown,X    ,12,1960-01-01,1963-07-01,1963-11-01
RANCHO SECO-1,UNITED STATES OF AMERICA,Permanent Shutdown,PWR  ,873,1969-04-01,1974-10-13,1975-04-17
SAN ONOFRE-1,UNITED STATES OF AMERICA,Permanent Shutdown,PWR  ,436,1964-05-01,1967-07-16,1968-01-01
SAN ONOFRE-2,UNITED STATES OF AMERICA,Permanent Shutdown,PWR  ,1070,1974-03-01,1982-09-20,1983-08-08
SAN ONOFRE-3,UNITED STATES OF AMERICA,Permanent Shutdown,PWR  ,1080,1974-03-01,1983-09-25,1984-04-01
SAXTON,UNITED STATES OF AMERICA,Permanent Shutdown,PWR  ,3,1960-01-01,1967-03-01,1967-03-01
SHIPPINGPORT,UNITED STATES OF AMERICA,Permanent Shutdown,PWR  ,60,1954-01-01,1957-12-02,1958-05-26
SHOREHAM,UNITED STATES OF AMERICA,Permanent Shutdown,BWR  ,820,1972-11-01,1986-08-01,
THREE MILE ISLAND-2,UNITED STATES OF AMERICA,Permanent Shutdown,PWR  ,880,1969-11-01,1978-04-21,1978-12-30
TROJAN,UNITED STATES OF AMERICA,Permanent Shutdown,PWR  ,1095,1970-02-01,1975-12-23,1976-05-20
VERMONT YANKEE,UNITED STATES OF AMERICA,Permanent Shutdown,BWR  ,605,1967-12-11,1972-09-20,1972-11-30
YANKEE NPS,UNITED STATES OF AMERICA,Permanent Shutdown,PWR  ,167,1957-11-01,1960-11-10,1961-07-01
ZION-1,UNITED STATES OF AMERICA,Permanent Shutdown,PWR  ,1040,1968-12-01,1973-06-28,1973-12-31
ZION-2,UNITED STATES OF AMERICA,Permanent Shutdown,PWR  ,1040,1968-12-01,1973-12-26,1974-09-17
CAREM25,ARGENTINA,Under Construction,PWR  ,25,2014-02-08,,
BELARUSIAN-1,BELARUS,Under Construction,PWR  ,1109,2013-11-06,,
BELARUSIAN-2,BELARUS,Under Construction,PWR  ,1109,2014-04-26,,
ANGRA-3,BRAZIL,Under Construction,PWR  ,1245,2010-06-01,,2016-01-01
CHANGJIANG-2,CHINA,Under Construction,PWR  ,610,2010-11-21,,2015-12-31
FANGCHENGGANG-2,CHINA,Under Construction,PWR  ,1000,2010-12-23,,
FUQING-3,CHINA,Under Construction,PWR  ,1000,2010-12-31,,2015-07-31
FUQING-4,CHINA,Under Construction,PWR  ,1000,2012-11-17,,
FUQING-5,CHINA,Under Construction,PWR  ,1000,2015-05-07,,
HAIYANG-1,CHINA,Under Construction,PWR  ,1000,2009-09-24,,
HAIYANG-2,CHINA,Under Construction,PWR  ,1000,2010-06-20,,
HONGYANHE-4,CHINA,Under Construction,PWR  ,1000,2009-08-15,,
HONGYANHE-5,CHINA,Under Construction,PWR  ,1000,2015-03-29,,
HONGYANHE-6,CHINA,Under Construction,PWR  ,1000,2015-07-24,,
NINGDE-4,CHINA,Under Construction,PWR  ,1018,2010-09-29,,
SANMEN-1,CHINA,Under Construction,PWR  ,1000,2009-04-19,,
SANMEN-2,CHINA,Under Construction,PWR  ,1000,2009-12-15,,
SHIDAO BAY-1,CHINA,Under Construction,HTGR ,200,2012-12-09,,
TAISHAN-1,CHINA,Under Construction,PWR  ,1660,2009-11-18,,
TAISHAN-2,CHINA,Under Construction,PWR  ,1660,2010-04-15,,
TIANWAN-3,CHINA,Under Construction,PWR  ,990,2012-12-27,,
TIANWAN-4,CHINA,Under Construction,PWR  ,990,2013-09-27,,
YANGJIANG-4,CHINA,Under Construction,PWR  ,1000,2012-11-17,,
YANGJIANG-5,CHINA,Under Construction,PWR  ,1000,2013-09-18,,
YANGJIANG-6,CHINA,Under Construction,PWR  ,1000,2013-12-23,,
OLKILUOTO-3,FINLAND,Under Construction,PWR  ,1600,2005-08-12,,2018-07-01
FLAMANVILLE-3,FRANCE,Under Construction,PWR  ,1600,2007-12-03,2016-12-31,
KAKRAPAR-3,INDIA,Under Construction,PHWR ,630,2010-11-22,,
KAKRAPAR-4,INDIA,Under Construction,PHWR ,630,2010-11-22,,
KUDANKULAM-2,INDIA,Under Construction,PWR  ,917,2002-07-04,,
PFBR,INDIA,Under Construction,FBR  ,470,2004-10-23,,
RAJASTHAN-7,INDIA,Under Construction,PHWR ,630,2011-07-18,,
RAJASTHAN-8,INDIA,Under Construction,PHWR ,630,2011-09-30,,
OHMA,JAPAN,Under Construction,BWR  ,1325,2010-05-07,,
SHIMANE-3,JAPAN,Under Construction,BWR  ,1325,2007-10-12,,
SHIN-HANUL-1,"KOREA, REPUBLIC OF",Under Construction,PWR  ,1340,2012-07-10,,2016-06-30
SHIN-HANUL-2,"KOREA, REPUBLIC OF",Under Construction,PWR  ,1340,2013-06-19,,2017-06-30
SHIN-KORI-3,"KOREA, REPUBLIC OF",Under Construction,PWR  ,1340,2008-10-16,,
SHIN-KORI-4,"KOREA, REPUBLIC OF",Under Construction,PWR  ,1340,2009-08-19,,
CHASNUPP-3,PAKISTAN,Under Construction,PWR  ,315,2011-05-28,2016-09-01,2016-12-01
CHASNUPP-4,PAKISTAN,Under Construction,PWR  ,315,2011-12-18,2017-07-01,2017-10-01
AKADEMIK LOMONOSOV-1,RUSSIA,Under Construction,PWR  ,32,2007-04-15,,2019-12-31
AKADEMIK LOMONOSOV-2,RUSSIA,Under Construction,PWR  ,32,2007-04-15,,2019-12-31
BALTIC-1,RUSSIA,Under Construction,PWR  ,1109,2012-02-22,2018-12-31,2019-12-01
LENINGRAD 2-1,RUSSIA,Under Construction,PWR  ,1085,2008-10-25,,2016-07-10
LENINGRAD 2-2,RUSSIA,Under Construction,PWR  ,1085,2010-04-15,,2018-03-02
NOVOVORONEZH 2-1,RUSSIA,Under Construction,PWR  ,1114,2008-06-24,,2016-06-15
NOVOVORONEZH 2-2,RUSSIA,Under Construction,PWR  ,1114,2009-07-12,,2017-03-02
ROSTOV-4,RUSSIA,Under Construction,PWR  ,1011,2010-06-16,,2017-07-17
MOCHOVCE-3,SLOVAKIA,Under Construction,PWR  ,440,1987-01-27,2016-09-05,2016-11-09
MOCHOVCE-4,SLOVAKIA,Under Construction,PWR  ,440,1987-01-27,2017-09-05,2017-11-09
LUNGMEN 1,"TAIWAN, CHINA",Under Construction,BWR  ,1300,1999-03-31,,
LUNGMEN 2,"TAIWAN, CHINA",Under Construction,BWR  ,1300,1999-08-30,,
KHMELNITSKI-3,UKRAINE,Under Construction,PWR  ,950,1986-03-01,2021-01-01,
KHMELNITSKI-4,UKRAINE,Under Construction,PWR  ,950,1987-02-01,2021-01-01,
BARAKAH-1,UNITED ARAB EMIRATES,Under Construction,PWR  ,1345,2012-07-19,2016-11-02,2017-05-01
BARAKAH-2,UNITED ARAB EMIRATES,Under Construction,PWR  ,1345,2013-04-16,2017-11-02,2018-05-01
BARAKAH-3,UNITED ARAB EMIRATES,Under Construction,PWR  ,1345,2014-09-24,2018-11-01,
BARAKAH-4,UNITED ARAB EMIRATES,Under Construction,PWR  ,1345,2015-07-30,,
SUMMER-2,UNITED STATES OF AMERICA,Under Construction,PWR  ,1117,2013-03-09,,
SUMMER-3,UNITED STATES OF AMERICA,Under Construction,PWR  ,1117,2013-11-02,,
VOGTLE-3,UNITED STATES OF AMERICA,Under Construction,PWR  ,1117,2013-03-12,,
VOGTLE-4,UNITED STATES OF AMERICA,Under Construction,PWR  ,1117,2013-11-19,,
WATTS BAR-2,UNITED STATES OF AMERICA,Under Construction,PWR  ,1165,1973-09-01,,
